{
  "Right_Elbow": {
    "x": 1,
    "y": 0.03703725337982178,
    "z": 0.7866666316986084
  },
  "Left_Hand": {
    "x": -1,
    "y": 0.20000004768371582,
    "z": 0.55094280242919922
  },
  "Right_Hand": {
    "x": 0.7142856121063232,
    "y": -0.3793102502822876,
    "z": 0.52616820335388184
  },
  "Left_Elbow_HR": {
    "x": -0.7368420958518982,
    "y": -0.29230761528015137,
    "z": -0.2056604027748108
  },
  "Left_Elbow": {
    "x": -1,
    "y": -0.6785712242126465,
    "z": -0.40671640634536743
  },
  "Right_Elbow_HR": {
    "x": 0.6428571939468384,
    "y": 0.018181920051574707,
    "z": 0.330841064453125
  }
}